{
  "project_info": {
    "project_number": "274431296456",
    "project_id": "blooddonationtext-ecf92",
    "storage_bucket": "blooddonationtext-ecf92.appspot.com"
  },
  "client": [
    {
      "client_info": {
        "mobilesdk_app_id": "1:274431296456:android:a2ca1c83b3a3e688fcf6fd",
        "android_client_info": {
          "package_name": "com.example.bb"
        }
      },
      "oauth_client": [
        {
          "client_id": "274431296456-h274d93pkjq234h46qcj7r9p1moi668r.apps.googleusercontent.com",
          "client_type": 1,
          "android_info": {
            "package_name": "com.example.bb",
            "certificate_hash": "edc78c8058758531904fb71480b5dd4d3987a6e6"
          }
        },
        {
          "client_id": "274431296456-3mfgn5ujicrmt17eacaqn7l3r8lt0ri4.apps.googleusercontent.com",
          "client_type": 3
        }
      ],
      "api_key": [
        {
          "current_key": "AIzaSyBMCY-lu7-7ZiOV9HE6EK2feBHI6tzTcw0"
        }
      ],
      "services": {
        "appinvite_service": {
          "other_platform_oauth_client": [
            {
              "client_id": "274431296456-3mfgn5ujicrmt17eacaqn7l3r8lt0ri4.apps.googleusercontent.com",
              "client_type": 3
            }
          ]
        }
      }
    }
  ],
  "configuration_version": "1"
}